Prezzo,Tipo,Quantità,Promozione,Vendite
2.8,Cioccolato fondente,93,No,125
2.5,Cioccolato al latte,70,No,220
2.8,Cioccolato al latte,77,No,311
2.8,Cioccolato bianco,103,Sì,162
2.5,Cioccolato al latte,103,No,167
2.5,Cioccolato bianco,114,Sì,352
2.8,Cioccolato bianco,149,Sì,101
3.0,Cioccolato fondente,70,Sì,207
2.8,Cioccolato fondente,148,No,385
2.8,Cioccolato fondente,62,No,148
2.8,Cioccolato bianco,106,No,239
2.8,Cioccolato fondente,98,No,317
2.5,Cioccolato al latte,103,Sì,143
2.8,Cioccolato al latte,59,No,368
3.0,Cioccolato bianco,102,Sì,177
2.5,Cioccolato bianco,93,No,315
3.0,Cioccolato fondente,96,No,197
3.0,Cioccolato bianco,102,No,335
3.0,Cioccolato bianco,123,Sì,381
3.0,Cioccolato al latte,95,Sì,248
2.5,Cioccolato al latte,62,Sì,165
2.5,Cioccolato fondente,86,Sì,333
3.0,Cioccolato bianco,73,Sì,186
3.0,Cioccolato bianco,51,No,178
2.5,Cioccolato al latte,135,Sì,304
2.5,Cioccolato bianco,130,Sì,378
2.5,Cioccolato al latte,149,Sì,353
2.8,Cioccolato fondente,63,Sì,229
2.8,Cioccolato al latte,59,No,183
2.8,Cioccolato bianco,84,Sì,375
3.0,Cioccolato fondente,74,No,286
2.8,Cioccolato al latte,52,No,145
3.0,Cioccolato al latte,66,No,282
3.0,Cioccolato fondente,61,Sì,367
2.8,Cioccolato fondente,103,No,395
3.0,Cioccolato al latte,73,Sì,199
2.8,Cioccolato bianco,78,Sì,177
2.8,Cioccolato al latte,92,Sì,371
2.5,Cioccolato fondente,74,Sì,261
2.8,Cioccolato al latte,149,Sì,143
2.5,Cioccolato fondente,109,No,337
2.8,Cioccolato fondente,139,No,233
2.8,Cioccolato bianco,114,Sì,291
2.5,Cioccolato fondente,133,No,377
2.5,Cioccolato fondente,77,Sì,117
2.8,Cioccolato bianco,65,No,111
3.0,Cioccolato fondente,96,No,279
2.5,Cioccolato bianco,130,No,222
3.0,Cioccolato bianco,141,No,345
3.0,Cioccolato fondente,107,No,321
3.0,Cioccolato fondente,125,Sì,150
2.5,Cioccolato al latte,76,Sì,170
3.0,Cioccolato bianco,102,No,147
2.5,Cioccolato al latte,91,Sì,118
3.0,Cioccolato fondente,108,No,361
2.8,Cioccolato al latte,96,Sì,183
2.8,Cioccolato bianco,143,No,254
2.5,Cioccolato al latte,83,No,152
2.8,Cioccolato bianco,86,No,206
2.8,Cioccolato fondente,55,Sì,234
3.0,Cioccolato fondente,56,Sì,168
2.5,Cioccolato bianco,145,No,110
3.0,Cioccolato fondente,145,No,242
3.0,Cioccolato fondente,74,Sì,291
3.0,Cioccolato fondente,82,Sì,168
3.0,Cioccolato fondente,104,Sì,122
3.0,Cioccolato bianco,107,Sì,280
3.0,Cioccolato al latte,56,Sì,392
3.0,Cioccolato al latte,106,No,108
2.5,Cioccolato fondente,61,Sì,370
2.8,Cioccolato al latte,65,No,192
3.0,Cioccolato al latte,129,No,116
3.0,Cioccolato fondente,92,Sì,253
3.0,Cioccolato fondente,149,Sì,248
3.0,Cioccolato al latte,126,No,366
3.0,Cioccolato bianco,56,Sì,205
3.0,Cioccolato fondente,149,No,134
2.8,Cioccolato bianco,100,Sì,218
2.8,Cioccolato al latte,122,Sì,113
3.0,Cioccolato fondente,81,Sì,113
2.8,Cioccolato bianco,124,No,365
2.5,Cioccolato fondente,57,Sì,239
3.0,Cioccolato al latte,146,No,393
2.5,Cioccolato bianco,136,Sì,218
2.5,Cioccolato al latte,138,No,337
3.0,Cioccolato al latte,121,Sì,133
2.8,Cioccolato fondente,94,No,268
2.5,Cioccolato bianco,135,No,109
3.0,Cioccolato al latte,108,No,221
2.5,Cioccolato al latte,53,No,244
2.5,Cioccolato bianco,116,No,322
2.5,Cioccolato al latte,78,No,356
2.5,Cioccolato al latte,78,Sì,367
2.8,Cioccolato bianco,147,No,103
2.5,Cioccolato bianco,147,No,205
2.5,Cioccolato bianco,77,No,184
2.5,Cioccolato bianco,126,Sì,313
2.8,Cioccolato fondente,128,Sì,220
2.5,Cioccolato bianco,136,Sì,231
2.5,Cioccolato fondente,93,No,296
2.8,Cioccolato fondente,139,Sì,118
2.8,Cioccolato fondente,53,Sì,229
2.8,Cioccolato al latte,139,No,111
2.5,Cioccolato fondente,58,No,180
2.8,Cioccolato fondente,54,Sì,361
2.8,Cioccolato al latte,105,No,224
2.5,Cioccolato al latte,145,No,366
2.8,Cioccolato al latte,133,No,239
2.5,Cioccolato bianco,99,No,101
3.0,Cioccolato al latte,124,Sì,107
2.8,Cioccolato al latte,64,No,349
3.0,Cioccolato fondente,81,Sì,238
2.5,Cioccolato al latte,77,Sì,223
2.8,Cioccolato bianco,71,Sì,327
2.5,Cioccolato al latte,66,Sì,109
3.0,Cioccolato bianco,108,No,311
2.5,Cioccolato al latte,139,No,211
2.8,Cioccolato al latte,120,No,107
2.8,Cioccolato al latte,106,Sì,391
3.0,Cioccolato al latte,75,Sì,352
2.5,Cioccolato bianco,74,Sì,113
2.8,Cioccolato bianco,59,No,339
3.0,Cioccolato fondente,94,Sì,341
2.8,Cioccolato bianco,132,No,248
2.8,Cioccolato al latte,60,No,335
2.5,Cioccolato fondente,126,No,266
2.8,Cioccolato fondente,102,No,119
2.5,Cioccolato fondente,121,Sì,315
2.8,Cioccolato al latte,117,No,234
3.0,Cioccolato bianco,144,Sì,228
2.8,Cioccolato al latte,77,No,393
2.5,Cioccolato fondente,124,Sì,345
2.5,Cioccolato al latte,114,Sì,288
3.0,Cioccolato al latte,98,No,143
2.8,Cioccolato bianco,96,No,185
2.8,Cioccolato bianco,101,No,143
3.0,Cioccolato fondente,137,Sì,244
2.8,Cioccolato al latte,103,No,150
2.8,Cioccolato al latte,109,No,341
2.5,Cioccolato bianco,106,Sì,393
2.8,Cioccolato al latte,96,No,150
2.8,Cioccolato al latte,80,Sì,365
3.0,Cioccolato al latte,95,No,219
3.0,Cioccolato bianco,75,Sì,299
2.5,Cioccolato fondente,54,Sì,347
2.8,Cioccolato fondente,133,No,169
2.8,Cioccolato al latte,101,Sì,156
2.8,Cioccolato fondente,124,No,138
2.5,Cioccolato bianco,103,No,388
2.5,Cioccolato bianco,82,Sì,117
3.0,Cioccolato fondente,99,No,319
2.5,Cioccolato fondente,87,Sì,343
2.8,Cioccolato al latte,76,Sì,397
2.8,Cioccolato fondente,147,Sì,382
2.5,Cioccolato al latte,64,Sì,173
2.8,Cioccolato al latte,145,Sì,209
2.8,Cioccolato bianco,110,Sì,279
2.5,Cioccolato bianco,70,Sì,131
2.5,Cioccolato bianco,95,Sì,333
2.8,Cioccolato bianco,118,No,381
2.8,Cioccolato fondente,55,No,124
2.8,Cioccolato bianco,87,Sì,378
3.0,Cioccolato fondente,111,No,325
3.0,Cioccolato bianco,135,No,156
3.0,Cioccolato fondente,111,No,279
2.5,Cioccolato al latte,131,No,331
3.0,Cioccolato fondente,127,No,386
2.5,Cioccolato fondente,123,No,163
2.5,Cioccolato bianco,95,Sì,331
3.0,Cioccolato fondente,62,No,388
3.0,Cioccolato al latte,144,No,312
3.0,Cioccolato al latte,143,No,357
2.8,Cioccolato bianco,52,No,117
3.0,Cioccolato al latte,143,Sì,274
2.8,Cioccolato fondente,55,Sì,328
2.5,Cioccolato al latte,142,Sì,325
2.8,Cioccolato bianco,57,Sì,183
3.0,Cioccolato fondente,93,No,390
2.5,Cioccolato bianco,82,Sì,345
2.5,Cioccolato fondente,130,Sì,209
2.5,Cioccolato al latte,124,Sì,353
2.8,Cioccolato bianco,126,Sì,187
3.0,Cioccolato bianco,99,No,171
2.5,Cioccolato fondente,60,Sì,129
2.5,Cioccolato bianco,144,No,271
2.5,Cioccolato fondente,77,Sì,276
2.8,Cioccolato fondente,119,No,238
2.8,Cioccolato fondente,90,No,293
3.0,Cioccolato fondente,65,Sì,285
2.8,Cioccolato al latte,117,Sì,317
2.5,Cioccolato fondente,148,Sì,263
3.0,Cioccolato bianco,97,Sì,260
2.5,Cioccolato al latte,105,No,112
2.5,Cioccolato bianco,113,No,395
2.8,Cioccolato al latte,108,Sì,188
3.0,Cioccolato fondente,139,Sì,141
2.8,Cioccolato al latte,111,No,309
2.8,Cioccolato al latte,125,Sì,328
3.0,Cioccolato bianco,60,No,374
2.5,Cioccolato bianco,138,Sì,378
2.5,Cioccolato fondente,67,No,350
3.0,Cioccolato al latte,68,No,307
2.5,Cioccolato al latte,136,No,239
3.0,Cioccolato al latte,104,No,379
3.0,Cioccolato fondente,131,No,133
2.8,Cioccolato fondente,75,Sì,117
3.0,Cioccolato fondente,55,No,156
2.8,Cioccolato fondente,53,Sì,211
2.5,Cioccolato fondente,78,No,104
2.5,Cioccolato bianco,108,No,281
2.5,Cioccolato al latte,147,Sì,112
2.5,Cioccolato al latte,66,Sì,384
2.8,Cioccolato al latte,92,Sì,358
2.5,Cioccolato al latte,129,Sì,189
3.0,Cioccolato al latte,115,No,203
3.0,Cioccolato al latte,83,Sì,285
3.0,Cioccolato al latte,57,No,349
2.8,Cioccolato al latte,62,Sì,354
2.5,Cioccolato bianco,57,Sì,175
2.5,Cioccolato al latte,143,No,207
2.5,Cioccolato bianco,145,No,255
2.8,Cioccolato fondente,149,Sì,181
3.0,Cioccolato al latte,143,No,176
3.0,Cioccolato fondente,114,No,357
2.5,Cioccolato fondente,92,No,226
3.0,Cioccolato fondente,88,No,381
3.0,Cioccolato bianco,130,No,187
2.8,Cioccolato fondente,108,No,303
2.8,Cioccolato fondente,133,No,115
2.8,Cioccolato fondente,137,No,250
2.8,Cioccolato al latte,135,Sì,353
2.5,Cioccolato al latte,142,No,287
2.8,Cioccolato bianco,135,Sì,131
3.0,Cioccolato bianco,93,No,370
2.5,Cioccolato al latte,58,No,104
3.0,Cioccolato bianco,86,No,268
3.0,Cioccolato al latte,123,No,280
3.0,Cioccolato fondente,85,Sì,277
2.8,Cioccolato fondente,141,Sì,242
2.8,Cioccolato bianco,77,No,347
2.5,Cioccolato al latte,91,Sì,226
2.5,Cioccolato al latte,92,No,362
2.8,Cioccolato bianco,134,No,139
3.0,Cioccolato al latte,137,Sì,354
2.5,Cioccolato fondente,91,Sì,242
2.8,Cioccolato bianco,115,No,339
2.8,Cioccolato bianco,104,No,327
2.8,Cioccolato al latte,121,Sì,297
3.0,Cioccolato bianco,97,No,164
2.8,Cioccolato al latte,140,Sì,110
2.8,Cioccolato al latte,71,No,207
2.8,Cioccolato al latte,76,No,125
2.8,Cioccolato al latte,142,Sì,250
2.5,Cioccolato al latte,116,Sì,320
2.5,Cioccolato bianco,62,Sì,336
2.8,Cioccolato fondente,94,No,336
3.0,Cioccolato fondente,59,No,318
2.5,Cioccolato bianco,149,No,250
2.8,Cioccolato bianco,58,No,222
2.5,Cioccolato fondente,103,Sì,243
2.5,Cioccolato fondente,76,No,288
3.0,Cioccolato fondente,83,No,354
2.8,Cioccolato fondente,50,No,167
2.8,Cioccolato fondente,81,Sì,203
3.0,Cioccolato al latte,138,No,258
3.0,Cioccolato bianco,142,No,399
2.8,Cioccolato al latte,120,Sì,189
2.8,Cioccolato fondente,116,No,355
3.0,Cioccolato fondente,133,No,319
2.5,Cioccolato fondente,69,Sì,108
2.5,Cioccolato al latte,143,No,111
3.0,Cioccolato al latte,84,No,343
2.5,Cioccolato fondente,148,No,281
3.0,Cioccolato al latte,140,Sì,383
2.5,Cioccolato al latte,139,No,198
2.5,Cioccolato fondente,127,No,296
2.8,Cioccolato al latte,66,Sì,325
2.8,Cioccolato bianco,67,Sì,202
2.5,Cioccolato bianco,94,No,205
2.5,Cioccolato bianco,142,No,157
2.8,Cioccolato bianco,133,No,177
2.8,Cioccolato fondente,102,No,174
2.8,Cioccolato fondente,140,Sì,141
3.0,Cioccolato fondente,131,No,280
2.5,Cioccolato bianco,117,Sì,132
2.8,Cioccolato bianco,114,Sì,170
2.5,Cioccolato al latte,50,No,155
3.0,Cioccolato al latte,107,No,204
3.0,Cioccolato bianco,75,Sì,299
2.8,Cioccolato bianco,69,Sì,200
3.0,Cioccolato bianco,136,No,355
2.5,Cioccolato bianco,59,Sì,173
2.8,Cioccolato al latte,108,No,270
2.5,Cioccolato bianco,124,No,242
2.5,Cioccolato al latte,90,Sì,265
3.0,Cioccolato bianco,54,Sì,360
3.0,Cioccolato bianco,114,No,320
3.0,Cioccolato bianco,66,Sì,182
3.0,Cioccolato al latte,71,No,281
3.0,Cioccolato al latte,147,No,109
2.8,Cioccolato fondente,90,No,103
2.5,Cioccolato bianco,142,Sì,391
2.5,Cioccolato fondente,117,No,380
2.5,Cioccolato fondente,118,No,314
2.5,Cioccolato al latte,60,No,197
3.0,Cioccolato al latte,105,No,200
2.5,Cioccolato fondente,100,No,108
2.8,Cioccolato bianco,70,No,160
2.8,Cioccolato al latte,148,No,245
2.5,Cioccolato bianco,125,No,162
2.5,Cioccolato bianco,75,No,220
2.8,Cioccolato fondente,68,No,325
2.8,Cioccolato fondente,109,No,204
3.0,Cioccolato fondente,120,Sì,359
2.8,Cioccolato fondente,96,No,354
3.0,Cioccolato al latte,120,No,306
3.0,Cioccolato al latte,75,No,127
3.0,Cioccolato fondente,89,Sì,269
3.0,Cioccolato al latte,54,No,175
3.0,Cioccolato fondente,70,Sì,215
2.5,Cioccolato bianco,127,No,168
2.8,Cioccolato bianco,53,No,333
3.0,Cioccolato bianco,72,Sì,100
2.8,Cioccolato fondente,133,No,266
2.8,Cioccolato bianco,64,Sì,317
3.0,Cioccolato al latte,142,Sì,372
2.5,Cioccolato bianco,57,No,350
3.0,Cioccolato bianco,90,No,273
2.5,Cioccolato bianco,68,No,269
2.8,Cioccolato al latte,95,No,345
2.5,Cioccolato fondente,77,Sì,189
2.5,Cioccolato al latte,140,Sì,148
2.5,Cioccolato fondente,117,No,393
2.8,Cioccolato fondente,64,Sì,249
2.8,Cioccolato bianco,148,Sì,231
2.5,Cioccolato fondente,86,No,158
2.5,Cioccolato al latte,50,Sì,298
3.0,Cioccolato al latte,116,Sì,314
2.5,Cioccolato fondente,73,No,148
3.0,Cioccolato bianco,76,Sì,331
2.5,Cioccolato bianco,89,No,346
3.0,Cioccolato al latte,112,Sì,338
2.8,Cioccolato bianco,110,No,267
2.5,Cioccolato fondente,85,Sì,147
2.5,Cioccolato fondente,147,Sì,150
2.5,Cioccolato al latte,142,No,398
2.5,Cioccolato fondente,73,No,197
3.0,Cioccolato al latte,73,No,315
2.5,Cioccolato fondente,53,No,276
2.8,Cioccolato al latte,116,Sì,179
2.8,Cioccolato bianco,83,Sì,284
2.5,Cioccolato fondente,106,Sì,126
2.8,Cioccolato fondente,98,No,294
2.5,Cioccolato al latte,136,Sì,313
2.5,Cioccolato al latte,102,Sì,213
2.8,Cioccolato fondente,72,No,341
2.5,Cioccolato al latte,118,No,223
2.8,Cioccolato fondente,144,Sì,175
3.0,Cioccolato bianco,102,No,295
2.5,Cioccolato al latte,111,Sì,143
3.0,Cioccolato fondente,90,Sì,285
2.8,Cioccolato bianco,106,No,345
3.0,Cioccolato bianco,109,Sì,183
3.0,Cioccolato fondente,103,No,306
2.8,Cioccolato al latte,119,No,250
3.0,Cioccolato fondente,106,Sì,255
3.0,Cioccolato bianco,59,Sì,115
2.8,Cioccolato fondente,89,Sì,264
3.0,Cioccolato al latte,56,No,244
2.8,Cioccolato bianco,87,Sì,136
3.0,Cioccolato fondente,134,No,144
2.8,Cioccolato al latte,110,No,305
2.8,Cioccolato bianco,133,Sì,161
3.0,Cioccolato al latte,52,No,118
3.0,Cioccolato bianco,100,Sì,399
3.0,Cioccolato fondente,135,Sì,106
2.5,Cioccolato al latte,96,Sì,348
2.5,Cioccolato bianco,117,Sì,216
2.5,Cioccolato al latte,141,Sì,167
2.8,Cioccolato al latte,125,Sì,133
3.0,Cioccolato fondente,87,Sì,293
2.8,Cioccolato al latte,85,No,154
2.5,Cioccolato bianco,90,Sì,365
3.0,Cioccolato bianco,118,No,141
2.8,Cioccolato bianco,62,No,396
3.0,Cioccolato bianco,136,No,330
2.8,Cioccolato fondente,107,Sì,109
3.0,Cioccolato al latte,99,No,227
2.5,Cioccolato fondente,79,No,278
2.5,Cioccolato al latte,111,Sì,292
3.0,Cioccolato al latte,74,Sì,191
2.8,Cioccolato al latte,76,No,330
2.5,Cioccolato fondente,100,Sì,177
2.5,Cioccolato al latte,127,Sì,184
2.5,Cioccolato fondente,106,Sì,129
3.0,Cioccolato bianco,96,Sì,312
3.0,Cioccolato bianco,149,No,148
2.8,Cioccolato al latte,88,Sì,364
2.8,Cioccolato fondente,65,Sì,244
2.8,Cioccolato bianco,71,Sì,168
3.0,Cioccolato fondente,134,No,157
3.0,Cioccolato fondente,103,No,284
2.8,Cioccolato al latte,70,Sì,161
2.8,Cioccolato bianco,121,Sì,395
3.0,Cioccolato al latte,65,No,265
2.8,Cioccolato al latte,108,Sì,270
2.5,Cioccolato bianco,80,Sì,162
3.0,Cioccolato bianco,91,No,246
2.8,Cioccolato fondente,123,Sì,260
3.0,Cioccolato bianco,81,Sì,240
2.5,Cioccolato fondente,108,No,196
3.0,Cioccolato fondente,83,No,320
3.0,Cioccolato fondente,58,Sì,142
3.0,Cioccolato bianco,130,No,391
3.0,Cioccolato al latte,60,Sì,207
2.5,Cioccolato fondente,145,Sì,365
3.0,Cioccolato al latte,59,Sì,194
3.0,Cioccolato al latte,135,No,361
2.8,Cioccolato bianco,66,No,170
3.0,Cioccolato al latte,117,Sì,318
2.8,Cioccolato al latte,97,Sì,120
2.5,Cioccolato bianco,101,No,191
2.5,Cioccolato fondente,74,No,226
2.5,Cioccolato al latte,70,No,179
2.5,Cioccolato bianco,114,Sì,337
2.8,Cioccolato al latte,112,No,281
3.0,Cioccolato al latte,138,No,124
2.5,Cioccolato fondente,100,Sì,255
3.0,Cioccolato al latte,85,Sì,104
2.8,Cioccolato bianco,130,Sì,219
2.8,Cioccolato al latte,137,No,376
2.8,Cioccolato fondente,115,Sì,117
2.5,Cioccolato fondente,64,Sì,297
3.0,Cioccolato bianco,145,Sì,156
3.0,Cioccolato fondente,88,Sì,192
3.0,Cioccolato al latte,119,No,118
2.8,Cioccolato fondente,50,Sì,292
2.5,Cioccolato bianco,72,No,336
2.8,Cioccolato fondente,88,No,376
2.8,Cioccolato fondente,106,No,326
3.0,Cioccolato fondente,130,Sì,332
2.8,Cioccolato bianco,83,No,139
3.0,Cioccolato fondente,90,Sì,252
2.5,Cioccolato fondente,142,Sì,226
3.0,Cioccolato al latte,122,Sì,336
2.5,Cioccolato bianco,62,No,154
3.0,Cioccolato fondente,119,Sì,271
2.8,Cioccolato bianco,55,Sì,208
2.8,Cioccolato fondente,133,Sì,283
2.5,Cioccolato fondente,101,No,297
2.5,Cioccolato fondente,52,No,186
2.5,Cioccolato al latte,130,No,300
3.0,Cioccolato al latte,112,Sì,374
3.0,Cioccolato al latte,98,No,310
2.5,Cioccolato bianco,125,Sì,217
2.8,Cioccolato bianco,96,Sì,290
3.0,Cioccolato al latte,104,No,141
3.0,Cioccolato bianco,113,Sì,141
3.0,Cioccolato fondente,114,No,375
2.5,Cioccolato fondente,130,Sì,116
2.5,Cioccolato fondente,116,No,382
2.5,Cioccolato al latte,139,Sì,357
2.5,Cioccolato bianco,64,Sì,162
2.5,Cioccolato al latte,149,Sì,161
2.8,Cioccolato bianco,81,Sì,199
2.8,Cioccolato fondente,145,Sì,118
2.5,Cioccolato al latte,117,No,116
3.0,Cioccolato bianco,67,Sì,345
2.5,Cioccolato bianco,132,No,350
2.8,Cioccolato fondente,92,No,180
2.8,Cioccolato al latte,84,No,138
3.0,Cioccolato al latte,127,Sì,135
2.8,Cioccolato al latte,107,Sì,296
2.5,Cioccolato fondente,82,Sì,257
3.0,Cioccolato al latte,63,No,303
2.5,Cioccolato fondente,83,Sì,295
2.5,Cioccolato fondente,110,Sì,315
3.0,Cioccolato fondente,53,No,384
2.5,Cioccolato bianco,137,No,295
2.8,Cioccolato al latte,108,No,251
2.5,Cioccolato al latte,78,No,113
3.0,Cioccolato fondente,132,No,245
3.0,Cioccolato fondente,55,No,156
3.0,Cioccolato al latte,146,Sì,310
2.5,Cioccolato fondente,98,No,367
3.0,Cioccolato al latte,89,Sì,309
3.0,Cioccolato bianco,132,Sì,116
2.5,Cioccolato fondente,114,Sì,385
2.8,Cioccolato al latte,118,No,302
2.5,Cioccolato fondente,76,Sì,198
3.0,Cioccolato al latte,129,No,378
3.0,Cioccolato al latte,55,No,308
2.5,Cioccolato fondente,62,Sì,228
2.8,Cioccolato bianco,113,No,387
3.0,Cioccolato al latte,111,Sì,351
3.0,Cioccolato al latte,148,Sì,364
3.0,Cioccolato al latte,68,No,370
2.5,Cioccolato bianco,125,Sì,287
3.0,Cioccolato bianco,129,Sì,313
2.8,Cioccolato fondente,92,Sì,382
3.0,Cioccolato bianco,123,No,310
3.0,Cioccolato fondente,138,Sì,175
2.8,Cioccolato fondente,69,No,247
3.0,Cioccolato bianco,144,No,312
2.5,Cioccolato fondente,117,Sì,208
2.5,Cioccolato bianco,93,Sì,228
2.5,Cioccolato fondente,72,No,109
2.8,Cioccolato bianco,51,No,146
3.0,Cioccolato bianco,71,Sì,195
2.5,Cioccolato fondente,106,Sì,202
2.8,Cioccolato al latte,121,No,245
3.0,Cioccolato fondente,56,No,126
2.8,Cioccolato bianco,127,No,319
2.5,Cioccolato al latte,105,No,117
2.5,Cioccolato fondente,116,No,266
2.5,Cioccolato fondente,65,Sì,181
2.8,Cioccolato fondente,132,No,171
2.8,Cioccolato al latte,100,No,353
2.5,Cioccolato bianco,131,Sì,261
2.8,Cioccolato fondente,129,Sì,137
2.5,Cioccolato fondente,121,No,300
2.5,Cioccolato fondente,146,No,299
3.0,Cioccolato fondente,61,Sì,354
2.8,Cioccolato fondente,102,No,278
2.5,Cioccolato bianco,124,No,134
2.5,Cioccolato bianco,54,Sì,181
2.8,Cioccolato fondente,76,No,319
3.0,Cioccolato al latte,61,Sì,257
3.0,Cioccolato bianco,66,Sì,103
2.5,Cioccolato al latte,55,Sì,266
2.8,Cioccolato bianco,146,Sì,303
3.0,Cioccolato fondente,54,No,293
2.8,Cioccolato bianco,106,Sì,334
2.8,Cioccolato fondente,77,No,305
2.5,Cioccolato bianco,127,No,249
3.0,Cioccolato fondente,118,No,258
2.5,Cioccolato fondente,108,No,378
3.0,Cioccolato fondente,82,No,265
3.0,Cioccolato fondente,111,Sì,167
3.0,Cioccolato al latte,99,Sì,187
3.0,Cioccolato fondente,68,Sì,316
3.0,Cioccolato al latte,135,Sì,100
2.8,Cioccolato al latte,118,No,234
2.5,Cioccolato fondente,115,Sì,284
2.8,Cioccolato al latte,143,No,239
3.0,Cioccolato bianco,96,No,205
2.5,Cioccolato fondente,88,Sì,232
3.0,Cioccolato al latte,117,Sì,207
2.5,Cioccolato fondente,82,Sì,277
2.8,Cioccolato fondente,62,Sì,397
2.5,Cioccolato fondente,133,No,245
2.5,Cioccolato al latte,103,No,173
2.5,Cioccolato bianco,56,Sì,207
2.5,Cioccolato bianco,128,No,221
2.5,Cioccolato al latte,136,No,116
3.0,Cioccolato fondente,63,No,295
2.5,Cioccolato al latte,136,Sì,396
2.5,Cioccolato al latte,68,No,351
2.8,Cioccolato al latte,103,Sì,218
2.5,Cioccolato fondente,142,Sì,261
2.8,Cioccolato al latte,69,No,297
3.0,Cioccolato fondente,78,No,144
2.5,Cioccolato al latte,73,Sì,278
2.8,Cioccolato bianco,131,No,143
2.8,Cioccolato al latte,112,No,370
3.0,Cioccolato al latte,123,Sì,177
2.5,Cioccolato bianco,106,Sì,277
2.5,Cioccolato fondente,57,Sì,102
2.8,Cioccolato fondente,139,Sì,313
2.5,Cioccolato al latte,111,No,173
2.8,Cioccolato bianco,78,No,150
2.5,Cioccolato fondente,123,Sì,166
2.8,Cioccolato al latte,66,Sì,192
2.5,Cioccolato bianco,115,Sì,275
3.0,Cioccolato fondente,55,No,244
2.5,Cioccolato fondente,107,Sì,106
2.5,Cioccolato bianco,118,No,368
3.0,Cioccolato bianco,77,Sì,103
2.5,Cioccolato bianco,111,Sì,237
3.0,Cioccolato bianco,90,Sì,330
2.5,Cioccolato al latte,118,No,187
2.8,Cioccolato bianco,131,No,116
2.8,Cioccolato fondente,139,No,151
2.5,Cioccolato fondente,133,Sì,233
2.5,Cioccolato al latte,90,No,310
2.5,Cioccolato fondente,98,No,318
2.8,Cioccolato fondente,140,Sì,304
2.5,Cioccolato bianco,98,Sì,310
2.8,Cioccolato fondente,125,No,376
3.0,Cioccolato al latte,120,No,123
2.8,Cioccolato bianco,52,No,103
2.8,Cioccolato bianco,59,No,251
3.0,Cioccolato al latte,147,Sì,358
2.8,Cioccolato bianco,138,Sì,267
2.5,Cioccolato bianco,84,Sì,275
2.5,Cioccolato al latte,129,No,390
2.8,Cioccolato bianco,51,No,155
2.5,Cioccolato al latte,73,Sì,207
2.8,Cioccolato al latte,123,Sì,395
2.5,Cioccolato fondente,87,No,240
2.5,Cioccolato fondente,71,No,254
2.8,Cioccolato bianco,75,Sì,361
2.5,Cioccolato bianco,92,Sì,372
2.8,Cioccolato al latte,104,Sì,331
2.5,Cioccolato bianco,88,No,340
2.5,Cioccolato al latte,140,No,357
3.0,Cioccolato al latte,78,No,348
3.0,Cioccolato bianco,69,No,176
2.8,Cioccolato al latte,140,No,279
3.0,Cioccolato fondente,90,No,165
2.8,Cioccolato bianco,103,Sì,270
3.0,Cioccolato fondente,69,Sì,121
2.5,Cioccolato bianco,68,No,206
2.8,Cioccolato al latte,133,Sì,326
2.8,Cioccolato bianco,148,No,315
2.5,Cioccolato fondente,115,Sì,168
2.8,Cioccolato al latte,79,No,183
2.8,Cioccolato bianco,102,Sì,202
3.0,Cioccolato bianco,83,Sì,138
2.8,Cioccolato bianco,71,No,112
2.5,Cioccolato fondente,116,No,396
3.0,Cioccolato fondente,55,Sì,280
3.0,Cioccolato bianco,128,Sì,367
2.5,Cioccolato al latte,76,No,112
2.5,Cioccolato al latte,59,Sì,219
3.0,Cioccolato fondente,122,No,156
2.8,Cioccolato al latte,146,No,139
3.0,Cioccolato fondente,145,Sì,227
2.5,Cioccolato bianco,97,No,272
3.0,Cioccolato fondente,119,Sì,134
2.5,Cioccolato fondente,108,Sì,358
3.0,Cioccolato bianco,149,No,104
2.8,Cioccolato al latte,108,Sì,317
3.0,Cioccolato fondente,51,No,110
3.0,Cioccolato fondente,78,No,216
2.5,Cioccolato bianco,117,No,283
2.5,Cioccolato al latte,114,Sì,215
2.5,Cioccolato fondente,132,No,261
3.0,Cioccolato bianco,75,Sì,166
2.8,Cioccolato fondente,138,No,299
2.5,Cioccolato bianco,59,No,130
2.5,Cioccolato al latte,102,No,174
3.0,Cioccolato al latte,128,Sì,336
2.5,Cioccolato al latte,108,Sì,165
2.8,Cioccolato al latte,71,No,169
2.8,Cioccolato fondente,100,No,396
2.5,Cioccolato fondente,97,Sì,119
2.5,Cioccolato al latte,70,Sì,325
3.0,Cioccolato al latte,71,Sì,298
2.8,Cioccolato al latte,149,No,138
2.8,Cioccolato fondente,147,Sì,244
2.5,Cioccolato al latte,79,No,144
3.0,Cioccolato al latte,74,Sì,190
2.8,Cioccolato al latte,77,No,337
2.8,Cioccolato bianco,114,No,169
3.0,Cioccolato al latte,94,No,265
3.0,Cioccolato bianco,117,Sì,229
2.8,Cioccolato bianco,56,Sì,313
2.8,Cioccolato al latte,98,Sì,188
3.0,Cioccolato bianco,58,No,351
2.8,Cioccolato al latte,85,No,171
2.5,Cioccolato fondente,132,Sì,264
2.5,Cioccolato fondente,50,No,148
3.0,Cioccolato fondente,59,No,151
3.0,Cioccolato fondente,85,No,388
3.0,Cioccolato bianco,122,Sì,377
2.5,Cioccolato al latte,95,No,213
2.8,Cioccolato al latte,81,Sì,338
2.5,Cioccolato al latte,81,Sì,232
2.8,Cioccolato fondente,55,Sì,373
2.5,Cioccolato fondente,97,Sì,265
2.8,Cioccolato al latte,87,Sì,392
2.5,Cioccolato fondente,66,No,342
3.0,Cioccolato al latte,123,Sì,237
2.5,Cioccolato al latte,76,Sì,178
2.8,Cioccolato al latte,103,Sì,269
2.5,Cioccolato al latte,99,No,222
2.5,Cioccolato al latte,84,No,275
2.5,Cioccolato al latte,134,No,399
3.0,Cioccolato al latte,74,No,181
2.5,Cioccolato fondente,77,Sì,186
3.0,Cioccolato al latte,64,Sì,324
3.0,Cioccolato al latte,53,No,115
2.5,Cioccolato fondente,142,No,262
2.5,Cioccolato fondente,122,No,197
2.5,Cioccolato fondente,76,No,255
2.8,Cioccolato al latte,75,Sì,101
2.5,Cioccolato bianco,68,No,268
3.0,Cioccolato bianco,141,No,191
2.5,Cioccolato fondente,66,No,280
2.8,Cioccolato bianco,92,No,330
2.5,Cioccolato fondente,90,No,247
2.8,Cioccolato al latte,91,No,379
2.8,Cioccolato bianco,99,No,288
2.5,Cioccolato al latte,133,Sì,227
3.0,Cioccolato bianco,89,Sì,106
2.8,Cioccolato al latte,88,Sì,146
2.5,Cioccolato bianco,72,Sì,152
2.5,Cioccolato al latte,145,Sì,286
3.0,Cioccolato al latte,101,Sì,137
2.8,Cioccolato bianco,96,No,325
2.8,Cioccolato al latte,112,No,152
2.5,Cioccolato al latte,146,Sì,323
2.5,Cioccolato al latte,118,No,253
3.0,Cioccolato bianco,92,Sì,147
3.0,Cioccolato bianco,97,No,246
2.8,Cioccolato al latte,83,No,163
2.8,Cioccolato al latte,89,No,281
2.5,Cioccolato bianco,124,No,224
2.8,Cioccolato bianco,110,No,278
3.0,Cioccolato al latte,99,No,138
3.0,Cioccolato al latte,116,Sì,359
2.5,Cioccolato al latte,111,Sì,102
3.0,Cioccolato fondente,107,No,163
3.0,Cioccolato bianco,82,Sì,128
3.0,Cioccolato fondente,124,No,110
3.0,Cioccolato bianco,65,Sì,196
2.5,Cioccolato bianco,131,No,302
2.5,Cioccolato bianco,143,Sì,120
2.8,Cioccolato bianco,97,No,138
3.0,Cioccolato bianco,59,Sì,322
2.8,Cioccolato bianco,131,No,201
2.5,Cioccolato bianco,87,Sì,145
2.5,Cioccolato fondente,68,No,165
2.5,Cioccolato al latte,85,No,190
2.5,Cioccolato al latte,108,No,263
2.5,Cioccolato fondente,112,Sì,210
2.5,Cioccolato fondente,126,Sì,222
2.5,Cioccolato fondente,95,Sì,292
3.0,Cioccolato fondente,52,No,198
2.8,Cioccolato bianco,123,Sì,390
2.5,Cioccolato al latte,114,No,258
3.0,Cioccolato bianco,140,Sì,202
3.0,Cioccolato al latte,57,Sì,380
2.8,Cioccolato al latte,100,Sì,142
2.5,Cioccolato fondente,130,Sì,183
2.8,Cioccolato bianco,122,No,290
2.5,Cioccolato fondente,55,Sì,150
3.0,Cioccolato bianco,138,Sì,309
3.0,Cioccolato al latte,88,No,225
3.0,Cioccolato fondente,109,No,168
3.0,Cioccolato fondente,77,Sì,364
2.8,Cioccolato al latte,146,Sì,357
2.5,Cioccolato al latte,103,No,287
2.5,Cioccolato al latte,86,No,329
2.8,Cioccolato fondente,58,No,288
2.5,Cioccolato bianco,131,Sì,109
3.0,Cioccolato fondente,105,Sì,213
2.5,Cioccolato bianco,108,Sì,175
3.0,Cioccolato fondente,134,No,263
2.8,Cioccolato fondente,51,No,184
2.5,Cioccolato al latte,110,No,148
2.8,Cioccolato bianco,107,Sì,276
2.5,Cioccolato fondente,109,No,317
3.0,Cioccolato fondente,89,Sì,288
2.8,Cioccolato al latte,85,No,329
2.5,Cioccolato al latte,86,Sì,354
3.0,Cioccolato bianco,128,Sì,335
2.8,Cioccolato fondente,141,No,125
2.8,Cioccolato bianco,67,Sì,171
2.5,Cioccolato fondente,147,No,360
2.5,Cioccolato bianco,112,Sì,353
2.5,Cioccolato al latte,71,No,370
3.0,Cioccolato fondente,60,No,222
2.5,Cioccolato bianco,107,Sì,243
2.8,Cioccolato al latte,106,No,356
2.8,Cioccolato al latte,126,Sì,243
2.5,Cioccolato bianco,53,No,358
2.5,Cioccolato fondente,135,No,146
2.8,Cioccolato fondente,56,No,112
3.0,Cioccolato al latte,110,No,307
2.5,Cioccolato fondente,103,Sì,334
2.5,Cioccolato fondente,137,No,248
2.8,Cioccolato fondente,117,No,254
2.5,Cioccolato al latte,141,Sì,265
3.0,Cioccolato bianco,128,Sì,189
2.8,Cioccolato fondente,50,Sì,285
2.5,Cioccolato al latte,104,Sì,273
2.8,Cioccolato al latte,52,Sì,316
2.5,Cioccolato bianco,127,Sì,363
2.5,Cioccolato fondente,87,No,196
2.5,Cioccolato fondente,50,Sì,216
3.0,Cioccolato bianco,87,No,298
3.0,Cioccolato bianco,134,Sì,120
2.8,Cioccolato al latte,78,No,299
2.5,Cioccolato al latte,54,No,347
2.5,Cioccolato bianco,123,No,375
3.0,Cioccolato fondente,141,Sì,363
2.5,Cioccolato al latte,70,Sì,157
3.0,Cioccolato al latte,120,Sì,130
2.5,Cioccolato fondente,116,Sì,348
2.8,Cioccolato al latte,96,No,192
2.5,Cioccolato fondente,133,Sì,364
2.5,Cioccolato fondente,132,No,370
3.0,Cioccolato fondente,84,No,193
2.5,Cioccolato bianco,117,Sì,253
2.5,Cioccolato bianco,118,Sì,384
3.0,Cioccolato bianco,50,Sì,179
2.8,Cioccolato fondente,117,No,391
2.8,Cioccolato fondente,61,Sì,183
3.0,Cioccolato bianco,109,No,136
3.0,Cioccolato al latte,76,Sì,331
3.0,Cioccolato fondente,105,No,192
3.0,Cioccolato al latte,72,Sì,201
3.0,Cioccolato al latte,74,Sì,265
2.8,Cioccolato fondente,70,No,258
2.8,Cioccolato fondente,110,Sì,113
3.0,Cioccolato al latte,112,Sì,324
2.5,Cioccolato al latte,101,Sì,172
3.0,Cioccolato bianco,137,Sì,348
2.5,Cioccolato bianco,74,Sì,190
3.0,Cioccolato fondente,104,Sì,315
3.0,Cioccolato bianco,95,Sì,189
2.8,Cioccolato bianco,81,No,128
2.5,Cioccolato bianco,104,No,319
2.5,Cioccolato bianco,145,Sì,314
2.8,Cioccolato al latte,54,Sì,320
2.8,Cioccolato fondente,85,Sì,141
2.8,Cioccolato bianco,98,No,234
2.8,Cioccolato al latte,107,No,141
2.5,Cioccolato al latte,88,Sì,263
2.5,Cioccolato al latte,129,No,382
3.0,Cioccolato bianco,146,Sì,157
3.0,Cioccolato bianco,134,Sì,124
2.8,Cioccolato fondente,110,Sì,172
2.8,Cioccolato bianco,58,Sì,228
2.8,Cioccolato bianco,55,No,186
3.0,Cioccolato al latte,84,No,252
3.0,Cioccolato fondente,88,Sì,281
3.0,Cioccolato bianco,71,No,224
3.0,Cioccolato bianco,90,No,166
3.0,Cioccolato al latte,54,Sì,105
3.0,Cioccolato al latte,91,No,224
3.0,Cioccolato bianco,136,Sì,152
2.8,Cioccolato fondente,130,Sì,165
2.8,Cioccolato fondente,125,Sì,181
2.8,Cioccolato al latte,136,Sì,186
2.8,Cioccolato al latte,129,No,101
3.0,Cioccolato bianco,116,Sì,303
2.5,Cioccolato al latte,79,No,249
3.0,Cioccolato bianco,106,Sì,392
2.5,Cioccolato fondente,135,Sì,202
2.8,Cioccolato fondente,122,No,123
3.0,Cioccolato bianco,78,Sì,311
2.8,Cioccolato al latte,86,No,164
3.0,Cioccolato fondente,136,No,308
2.8,Cioccolato al latte,62,Sì,350
2.5,Cioccolato fondente,81,Sì,216
2.5,Cioccolato bianco,95,Sì,215
2.5,Cioccolato bianco,72,Sì,336
3.0,Cioccolato bianco,94,Sì,204
2.5,Cioccolato fondente,66,Sì,358
3.0,Cioccolato al latte,134,No,145
2.5,Cioccolato al latte,115,No,315
2.5,Cioccolato al latte,55,Sì,123
3.0,Cioccolato fondente,67,No,134
3.0,Cioccolato fondente,143,No,123
2.5,Cioccolato fondente,71,Sì,127
3.0,Cioccolato fondente,82,Sì,115
2.5,Cioccolato fondente,79,No,158
3.0,Cioccolato al latte,130,Sì,342
2.8,Cioccolato fondente,81,No,306
2.8,Cioccolato fondente,91,Sì,370
2.8,Cioccolato al latte,127,No,348
2.8,Cioccolato fondente,59,No,366
2.8,Cioccolato al latte,85,No,292
2.5,Cioccolato al latte,83,No,317
2.8,Cioccolato bianco,122,Sì,214
2.8,Cioccolato bianco,77,Sì,167
2.8,Cioccolato bianco,60,No,398
2.8,Cioccolato bianco,127,No,174
3.0,Cioccolato fondente,88,Sì,202
2.5,Cioccolato bianco,96,Sì,396
2.8,Cioccolato al latte,68,No,277
2.8,Cioccolato fondente,64,No,314
2.8,Cioccolato bianco,77,No,138
2.5,Cioccolato al latte,73,No,358
3.0,Cioccolato fondente,121,No,303
2.5,Cioccolato fondente,58,Sì,106
3.0,Cioccolato bianco,96,No,148
2.8,Cioccolato fondente,82,Sì,125
2.8,Cioccolato al latte,111,Sì,260
2.5,Cioccolato fondente,146,Sì,275
2.5,Cioccolato al latte,68,No,178
3.0,Cioccolato fondente,116,Sì,101
3.0,Cioccolato bianco,123,Sì,231
2.5,Cioccolato al latte,89,Sì,375
3.0,Cioccolato fondente,96,Sì,216
2.5,Cioccolato fondente,114,No,263
3.0,Cioccolato fondente,78,No,387
2.5,Cioccolato al latte,99,Sì,127
2.5,Cioccolato al latte,147,Sì,100
2.5,Cioccolato al latte,62,No,287
3.0,Cioccolato bianco,50,No,155
3.0,Cioccolato bianco,83,No,134
3.0,Cioccolato al latte,142,Sì,211
2.5,Cioccolato fondente,97,No,385
3.0,Cioccolato bianco,126,Sì,135
3.0,Cioccolato al latte,97,Sì,316
2.5,Cioccolato fondente,98,No,179
2.8,Cioccolato bianco,113,Sì,182
2.5,Cioccolato fondente,110,No,164
3.0,Cioccolato fondente,78,Sì,227
2.5,Cioccolato fondente,88,No,121
2.8,Cioccolato fondente,137,Sì,315
2.5,Cioccolato bianco,75,Sì,206
3.0,Cioccolato bianco,66,No,208
2.8,Cioccolato bianco,120,No,280
3.0,Cioccolato al latte,62,No,263
2.8,Cioccolato bianco,118,No,167
2.8,Cioccolato fondente,75,Sì,391
2.5,Cioccolato bianco,98,No,279
2.5,Cioccolato fondente,116,No,280
3.0,Cioccolato al latte,56,Sì,268
2.5,Cioccolato fondente,107,No,121
2.5,Cioccolato fondente,98,No,165
2.8,Cioccolato fondente,102,Sì,120
2.5,Cioccolato al latte,114,No,199
2.8,Cioccolato bianco,111,No,399
2.8,Cioccolato bianco,66,No,202
2.8,Cioccolato al latte,92,No,146
3.0,Cioccolato fondente,74,No,138
3.0,Cioccolato bianco,52,No,384
3.0,Cioccolato al latte,128,Sì,189
2.8,Cioccolato bianco,78,No,184
3.0,Cioccolato al latte,81,Sì,372
3.0,Cioccolato fondente,75,Sì,287
2.5,Cioccolato bianco,65,Sì,258
3.0,Cioccolato al latte,74,Sì,342
3.0,Cioccolato bianco,103,No,172
2.8,Cioccolato bianco,77,No,148
2.8,Cioccolato bianco,122,No,200
2.8,Cioccolato bianco,105,Sì,101
2.8,Cioccolato al latte,114,No,343
2.8,Cioccolato fondente,142,No,275
2.8,Cioccolato al latte,135,No,337
3.0,Cioccolato al latte,129,Sì,158
2.8,Cioccolato al latte,90,Sì,198
2.8,Cioccolato fondente,100,No,101
2.5,Cioccolato bianco,120,Sì,342
3.0,Cioccolato bianco,127,Sì,396
3.0,Cioccolato bianco,78,No,310
3.0,Cioccolato fondente,132,Sì,222
2.8,Cioccolato bianco,68,Sì,328
2.8,Cioccolato fondente,115,No,181
2.8,Cioccolato bianco,90,Sì,243
2.5,Cioccolato bianco,94,Sì,239
2.8,Cioccolato al latte,64,Sì,128
2.5,Cioccolato fondente,52,Sì,369
3.0,Cioccolato al latte,60,Sì,346
2.8,Cioccolato al latte,102,Sì,111
2.5,Cioccolato al latte,95,Sì,205
2.5,Cioccolato fondente,79,Sì,131
2.8,Cioccolato fondente,106,No,173
3.0,Cioccolato bianco,67,No,270
3.0,Cioccolato al latte,100,No,168
3.0,Cioccolato bianco,97,No,236
2.5,Cioccolato al latte,115,Sì,199
2.5,Cioccolato fondente,145,No,245
2.5,Cioccolato fondente,57,No,108
2.5,Cioccolato fondente,71,Sì,161
3.0,Cioccolato al latte,55,Sì,284
2.8,Cioccolato fondente,125,Sì,128
2.5,Cioccolato al latte,106,Sì,213
2.5,Cioccolato bianco,85,Sì,242
3.0,Cioccolato al latte,128,No,219
2.8,Cioccolato bianco,141,Sì,269
2.8,Cioccolato al latte,106,No,256
3.0,Cioccolato bianco,98,No,359
3.0,Cioccolato fondente,94,Sì,181
2.8,Cioccolato bianco,131,No,341
2.5,Cioccolato fondente,115,No,271
2.8,Cioccolato fondente,126,Sì,330
3.0,Cioccolato bianco,94,No,307
2.5,Cioccolato al latte,128,No,174
2.5,Cioccolato al latte,69,No,369
3.0,Cioccolato al latte,113,Sì,213
3.0,Cioccolato al latte,142,Sì,161
3.0,Cioccolato al latte,142,Sì,201
2.8,Cioccolato fondente,116,No,309
2.8,Cioccolato al latte,132,Sì,354
2.5,Cioccolato fondente,52,No,119
3.0,Cioccolato fondente,103,Sì,157
2.5,Cioccolato fondente,127,No,211
2.5,Cioccolato bianco,113,Sì,295
2.5,Cioccolato bianco,89,Sì,191
2.5,Cioccolato fondente,108,No,151
3.0,Cioccolato bianco,104,Sì,392
2.5,Cioccolato al latte,111,No,107
3.0,Cioccolato al latte,53,Sì,399
3.0,Cioccolato fondente,109,Sì,197
2.8,Cioccolato al latte,124,No,335
3.0,Cioccolato fondente,144,No,168
2.8,Cioccolato fondente,145,No,144
3.0,Cioccolato al latte,140,Sì,236
3.0,Cioccolato bianco,79,No,333
3.0,Cioccolato al latte,51,Sì,131
2.8,Cioccolato al latte,111,No,388
2.8,Cioccolato fondente,98,No,225
2.5,Cioccolato fondente,58,No,166
2.8,Cioccolato fondente,141,No,129
2.8,Cioccolato fondente,80,No,213
2.8,Cioccolato bianco,147,No,303
2.8,Cioccolato bianco,110,Sì,128
2.5,Cioccolato bianco,128,No,230
2.8,Cioccolato fondente,97,Sì,284
3.0,Cioccolato fondente,74,No,352
3.0,Cioccolato fondente,85,No,385
2.8,Cioccolato bianco,57,No,161
2.8,Cioccolato fondente,122,Sì,102
3.0,Cioccolato al latte,107,Sì,167
3.0,Cioccolato al latte,94,No,124
2.5,Cioccolato fondente,111,Sì,278
3.0,Cioccolato al latte,88,No,240
3.0,Cioccolato al latte,145,No,330
2.8,Cioccolato bianco,107,Sì,399
3.0,Cioccolato fondente,130,Sì,262
2.5,Cioccolato fondente,148,Sì,229
3.0,Cioccolato bianco,132,Sì,345
2.8,Cioccolato al latte,113,No,396
2.8,Cioccolato al latte,93,Sì,271
3.0,Cioccolato fondente,78,Sì,163
2.8,Cioccolato al latte,108,No,130
2.5,Cioccolato bianco,120,Sì,146
2.5,Cioccolato bianco,141,Sì,229
3.0,Cioccolato fondente,58,Sì,209
3.0,Cioccolato bianco,141,Sì,168
3.0,Cioccolato bianco,55,No,157
2.8,Cioccolato fondente,78,No,205
2.5,Cioccolato bianco,107,Sì,399
2.5,Cioccolato bianco,66,Sì,355
2.8,Cioccolato bianco,65,No,270
2.5,Cioccolato al latte,136,Sì,261
3.0,Cioccolato fondente,144,Sì,385
3.0,Cioccolato fondente,52,Sì,170
3.0,Cioccolato fondente,70,Sì,354
2.5,Cioccolato al latte,113,Sì,154
3.0,Cioccolato al latte,139,Sì,102
2.8,Cioccolato fondente,85,Sì,125
2.8,Cioccolato al latte,135,Sì,225
2.5,Cioccolato fondente,111,Sì,152
2.8,Cioccolato al latte,91,No,297
2.8,Cioccolato bianco,125,No,398
2.5,Cioccolato bianco,91,No,287
3.0,Cioccolato fondente,110,Sì,285
3.0,Cioccolato al latte,62,Sì,397
3.0,Cioccolato al latte,60,No,303
2.5,Cioccolato bianco,103,Sì,110
2.8,Cioccolato bianco,65,No,245
3.0,Cioccolato al latte,57,Sì,184
3.0,Cioccolato al latte,108,No,199
2.5,Cioccolato al latte,106,No,203
3.0,Cioccolato al latte,89,No,145
2.5,Cioccolato al latte,108,Sì,143
2.8,Cioccolato al latte,51,No,377
2.5,Cioccolato fondente,143,Sì,280
2.5,Cioccolato al latte,143,Sì,286
2.5,Cioccolato bianco,125,Sì,213
2.5,Cioccolato fondente,59,Sì,354
2.8,Cioccolato al latte,93,Sì,129
2.8,Cioccolato bianco,60,Sì,363
3.0,Cioccolato fondente,128,Sì,197
2.8,Cioccolato bianco,129,No,214
2.8,Cioccolato al latte,130,No,375
3.0,Cioccolato al latte,139,No,380
2.8,Cioccolato al latte,51,Sì,374
2.5,Cioccolato al latte,99,Sì,360
2.5,Cioccolato fondente,61,Sì,306
3.0,Cioccolato fondente,139,Sì,310
3.0,Cioccolato bianco,72,No,314
3.0,Cioccolato al latte,67,Sì,139
2.5,Cioccolato bianco,111,No,125
2.8,Cioccolato fondente,145,Sì,126
2.5,Cioccolato al latte,111,No,289
3.0,Cioccolato al latte,87,Sì,182
2.8,Cioccolato fondente,116,No,269
2.8,Cioccolato fondente,87,Sì,266
2.5,Cioccolato fondente,116,No,287
3.0,Cioccolato fondente,143,Sì,268
2.5,Cioccolato fondente,110,No,388
2.8,Cioccolato al latte,50,No,328
2.5,Cioccolato fondente,143,Sì,196
2.5,Cioccolato al latte,94,No,115
3.0,Cioccolato al latte,145,Sì,378
3.0,Cioccolato fondente,77,Sì,234
2.8,Cioccolato fondente,70,Sì,125
2.5,Cioccolato al latte,62,No,111
2.5,Cioccolato fondente,76,No,171
2.5,Cioccolato fondente,149,Sì,232
2.8,Cioccolato fondente,56,Sì,205
2.8,Cioccolato bianco,71,No,319
3.0,Cioccolato al latte,123,No,276
3.0,Cioccolato bianco,102,No,381
3.0,Cioccolato fondente,128,Sì,232
2.5,Cioccolato bianco,128,Sì,121
2.5,Cioccolato fondente,53,Sì,368
3.0,Cioccolato bianco,145,Sì,260
2.5,Cioccolato fondente,72,Sì,206
3.0,Cioccolato bianco,119,No,378
2.8,Cioccolato bianco,137,Sì,334
3.0,Cioccolato bianco,133,No,117
2.8,Cioccolato al latte,133,No,341
2.5,Cioccolato bianco,125,Sì,216
3.0,Cioccolato al latte,82,No,385
2.5,Cioccolato fondente,77,Sì,381
2.8,Cioccolato bianco,57,No,243
2.8,Cioccolato fondente,50,Sì,304
2.8,Cioccolato fondente,86,Sì,138
2.5,Cioccolato bianco,112,No,253
2.5,Cioccolato al latte,71,Sì,275
2.5,Cioccolato bianco,119,No,340
2.5,Cioccolato fondente,70,Sì,233
2.8,Cioccolato fondente,145,Sì,145
2.8,Cioccolato bianco,84,Sì,149
3.0,Cioccolato al latte,128,No,265
3.0,Cioccolato al latte,54,No,205
2.5,Cioccolato fondente,109,Sì,315
2.8,Cioccolato fondente,95,No,245
2.8,Cioccolato al latte,99,Sì,171
2.8,Cioccolato bianco,97,No,372
3.0,Cioccolato fondente,55,No,346
3.0,Cioccolato al latte,138,Sì,285
2.8,Cioccolato fondente,105,Sì,169
2.8,Cioccolato bianco,108,Sì,249
2.8,Cioccolato al latte,78,Sì,345
3.0,Cioccolato fondente,120,Sì,361
2.8,Cioccolato bianco,126,No,125
2.8,Cioccolato fondente,67,No,239
2.5,Cioccolato bianco,51,Sì,198
2.5,Cioccolato bianco,57,Sì,377
3.0,Cioccolato al latte,124,Sì,150
2.8,Cioccolato bianco,146,No,250
2.8,Cioccolato fondente,103,Sì,203
2.5,Cioccolato bianco,87,Sì,188
3.0,Cioccolato bianco,97,No,240
2.5,Cioccolato al latte,76,No,312
2.5,Cioccolato bianco,69,No,332
2.5,Cioccolato bianco,61,No,282
2.5,Cioccolato fondente,92,Sì,350
2.8,Cioccolato al latte,110,No,108
2.8,Cioccolato al latte,80,No,178
2.5,Cioccolato al latte,140,Sì,151
3.0,Cioccolato bianco,145,Sì,368
3.0,Cioccolato al latte,110,Sì,325
3.0,Cioccolato bianco,123,No,150
3.0,Cioccolato bianco,116,Sì,285
2.5,Cioccolato fondente,140,No,133
2.8,Cioccolato fondente,84,No,390
3.0,Cioccolato fondente,144,No,329
2.5,Cioccolato fondente,64,Sì,230
3.0,Cioccolato fondente,65,No,219
3.0,Cioccolato bianco,62,Sì,346
2.5,Cioccolato bianco,84,Sì,291
2.8,Cioccolato al latte,124,Sì,309
2.8,Cioccolato bianco,108,No,202
2.5,Cioccolato bianco,70,No,232
2.8,Cioccolato fondente,103,No,238
2.5,Cioccolato bianco,124,Sì,220
2.5,Cioccolato fondente,79,No,193
2.5,Cioccolato al latte,97,No,228
2.8,Cioccolato al latte,84,No,190
2.5,Cioccolato bianco,135,No,191
3.0,Cioccolato al latte,87,No,162
2.8,Cioccolato bianco,80,Sì,128
2.8,Cioccolato al latte,127,Sì,309
2.8,Cioccolato fondente,73,Sì,111
2.8,Cioccolato fondente,98,Sì,396
3.0,Cioccolato fondente,145,No,229
2.8,Cioccolato fondente,149,Sì,392
2.8,Cioccolato bianco,81,No,272
2.5,Cioccolato al latte,104,Sì,307
2.8,Cioccolato bianco,128,Sì,123
3.0,Cioccolato fondente,107,Sì,198
3.0,Cioccolato bianco,148,No,238
3.0,Cioccolato al latte,52,No,273
3.0,Cioccolato bianco,129,Sì,128
2.8,Cioccolato al latte,118,No,242
2.8,Cioccolato bianco,134,Sì,141
3.0,Cioccolato al latte,59,Sì,398
3.0,Cioccolato al latte,132,Sì,307
2.8,Cioccolato fondente,74,No,291
3.0,Cioccolato al latte,117,Sì,259
2.5,Cioccolato fondente,110,Sì,163
3.0,Cioccolato fondente,78,Sì,342
3.0,Cioccolato fondente,68,No,357
2.5,Cioccolato bianco,92,Sì,251
2.5,Cioccolato bianco,115,No,314
2.8,Cioccolato bianco,123,Sì,265
2.8,Cioccolato bianco,110,No,130
2.5,Cioccolato al latte,92,Sì,331
2.5,Cioccolato al latte,74,Sì,381
2.8,Cioccolato bianco,69,No,128
3.0,Cioccolato al latte,97,No,294
2.5,Cioccolato al latte,132,Sì,355
2.8,Cioccolato fondente,136,No,380
3.0,Cioccolato fondente,73,Sì,393
2.5,Cioccolato fondente,60,Sì,186
3.0,Cioccolato fondente,147,Sì,248
2.8,Cioccolato al latte,104,No,348
2.5,Cioccolato bianco,77,Sì,382
3.0,Cioccolato al latte,118,No,297
2.5,Cioccolato al latte,112,Sì,143
3.0,Cioccolato al latte,108,No,127
2.8,Cioccolato fondente,54,No,116
2.8,Cioccolato fondente,100,Sì,226
2.5,Cioccolato fondente,70,No,267
3.0,Cioccolato bianco,61,Sì,343
2.5,Cioccolato al latte,99,Sì,175
2.5,Cioccolato bianco,53,Sì,330
3.0,Cioccolato fondente,91,Sì,303
3.0,Cioccolato bianco,133,Sì,347
3.0,Cioccolato al latte,87,No,313
2.8,Cioccolato al latte,74,Sì,314
2.5,Cioccolato fondente,63,No,257
2.5,Cioccolato fondente,124,No,168
2.8,Cioccolato bianco,81,Sì,184
3.0,Cioccolato fondente,60,No,366
2.8,Cioccolato fondente,110,Sì,168
2.8,Cioccolato al latte,67,No,198
2.8,Cioccolato fondente,76,No,315
2.5,Cioccolato fondente,104,No,260
2.8,Cioccolato al latte,103,Sì,193
2.5,Cioccolato al latte,131,No,273
2.5,Cioccolato bianco,136,Sì,264
2.5,Cioccolato fondente,124,No,214
3.0,Cioccolato al latte,70,No,319
2.5,Cioccolato bianco,93,No,130
2.5,Cioccolato bianco,54,No,110
3.0,Cioccolato fondente,136,Sì,229
2.5,Cioccolato fondente,90,Sì,204
2.8,Cioccolato bianco,108,No,126
2.8,Cioccolato al latte,138,No,326
2.5,Cioccolato bianco,103,Sì,101
3.0,Cioccolato fondente,123,Sì,200
2.8,Cioccolato al latte,71,Sì,120
3.0,Cioccolato al latte,132,Sì,157
3.0,Cioccolato bianco,114,No,279
2.8,Cioccolato fondente,113,No,119
3.0,Cioccolato bianco,120,Sì,354
2.8,Cioccolato bianco,53,Sì,137
3.0,Cioccolato bianco,114,Sì,247
2.8,Cioccolato al latte,64,Sì,124
2.5,Cioccolato al latte,125,Sì,220
2.8,Cioccolato fondente,71,Sì,125
2.8,Cioccolato fondente,135,No,268
2.8,Cioccolato bianco,96,No,324
2.8,Cioccolato bianco,130,No,100
3.0,Cioccolato bianco,142,Sì,360
2.5,Cioccolato fondente,95,Sì,112
2.8,Cioccolato al latte,63,Sì,147
3.0,Cioccolato al latte,99,No,390
2.5,Cioccolato bianco,69,Sì,193
2.5,Cioccolato bianco,99,Sì,360
2.5,Cioccolato bianco,82,No,377
2.5,Cioccolato bianco,108,Sì,304
2.8,Cioccolato fondente,92,No,284
2.8,Cioccolato al latte,128,No,274
3.0,Cioccolato bianco,61,Sì,168
3.0,Cioccolato fondente,89,No,203
3.0,Cioccolato bianco,69,Sì,345
2.5,Cioccolato bianco,143,No,260
2.5,Cioccolato al latte,87,Sì,299
2.8,Cioccolato bianco,52,No,315
2.5,Cioccolato al latte,77,Sì,311
2.5,Cioccolato al latte,105,No,115
2.5,Cioccolato al latte,139,No,304
3.0,Cioccolato fondente,143,No,138
3.0,Cioccolato fondente,62,Sì,188
2.8,Cioccolato al latte,126,Sì,355
2.5,Cioccolato bianco,115,No,353
2.5,Cioccolato al latte,86,Sì,315
2.8,Cioccolato bianco,98,No,271
2.5,Cioccolato al latte,115,Sì,236
2.5,Cioccolato bianco,85,No,277
3.0,Cioccolato fondente,103,Sì,176
2.8,Cioccolato bianco,75,No,287
2.8,Cioccolato al latte,124,No,114
2.8,Cioccolato fondente,121,No,391
2.8,Cioccolato bianco,89,No,313
3.0,Cioccolato bianco,92,Sì,307
3.0,Cioccolato bianco,71,No,268
2.5,Cioccolato bianco,69,Sì,379
2.5,Cioccolato bianco,57,Sì,245
2.5,Cioccolato fondente,78,No,362
2.5,Cioccolato fondente,89,Sì,103
3.0,Cioccolato fondente,139,Sì,189
2.8,Cioccolato fondente,79,Sì,159
3.0,Cioccolato al latte,130,No,115
2.5,Cioccolato fondente,133,Sì,326
3.0,Cioccolato bianco,104,Sì,128
2.8,Cioccolato bianco,65,No,250
2.8,Cioccolato fondente,95,No,344
3.0,Cioccolato bianco,111,Sì,369
3.0,Cioccolato fondente,56,No,178
3.0,Cioccolato bianco,129,Sì,388
2.5,Cioccolato al latte,94,Sì,252
3.0,Cioccolato al latte,108,Sì,376
3.0,Cioccolato fondente,105,No,378
3.0,Cioccolato fondente,97,Sì,156
2.8,Cioccolato fondente,76,No,285
2.8,Cioccolato bianco,102,No,192
2.5,Cioccolato fondente,136,Sì,375
2.5,Cioccolato al latte,137,No,257
2.8,Cioccolato bianco,122,No,374
2.8,Cioccolato fondente,84,No,280
2.8,Cioccolato bianco,100,No,176
3.0,Cioccolato bianco,133,No,250
3.0,Cioccolato fondente,86,Sì,337
2.8,Cioccolato bianco,130,No,388
3.0,Cioccolato al latte,144,Sì,330
3.0,Cioccolato al latte,106,Sì,117
2.5,Cioccolato bianco,57,Sì,172
2.8,Cioccolato fondente,128,Sì,288
2.8,Cioccolato bianco,144,Sì,116
3.0,Cioccolato al latte,143,Sì,118
2.8,Cioccolato bianco,69,No,318
2.5,Cioccolato bianco,102,No,219
2.5,Cioccolato al latte,61,No,200
2.5,Cioccolato bianco,98,Sì,133
2.8,Cioccolato bianco,66,No,183
2.8,Cioccolato fondente,113,No,295
2.8,Cioccolato fondente,91,No,301
2.8,Cioccolato al latte,143,Sì,110
2.8,Cioccolato al latte,78,No,317
2.5,Cioccolato al latte,68,Sì,352
3.0,Cioccolato fondente,60,No,321
2.5,Cioccolato al latte,147,Sì,179
2.8,Cioccolato al latte,99,Sì,106
2.5,Cioccolato al latte,120,Sì,371
2.8,Cioccolato fondente,107,No,326
2.8,Cioccolato bianco,83,No,115
2.5,Cioccolato al latte,69,Sì,111
2.8,Cioccolato bianco,99,No,390
3.0,Cioccolato al latte,137,Sì,340
2.8,Cioccolato bianco,59,Sì,120
3.0,Cioccolato fondente,81,No,277
3.0,Cioccolato fondente,101,No,327
2.8,Cioccolato al latte,64,No,372
2.5,Cioccolato bianco,133,Sì,387
3.0,Cioccolato fondente,52,Sì,396
2.5,Cioccolato al latte,86,No,233
3.0,Cioccolato al latte,89,Sì,382
2.8,Cioccolato fondente,121,No,252
2.8,Cioccolato fondente,89,Sì,165
3.0,Cioccolato al latte,105,No,236
2.8,Cioccolato bianco,72,No,191
3.0,Cioccolato bianco,60,Sì,358
2.8,Cioccolato bianco,113,No,202
2.5,Cioccolato al latte,57,No,154
2.8,Cioccolato fondente,142,Sì,356
2.5,Cioccolato al latte,143,No,200
2.8,Cioccolato fondente,105,Sì,297
2.5,Cioccolato bianco,109,No,325
2.8,Cioccolato bianco,59,Sì,336
2.5,Cioccolato fondente,88,No,125
3.0,Cioccolato fondente,77,No,220
3.0,Cioccolato al latte,98,No,281
2.5,Cioccolato bianco,85,No,298
2.8,Cioccolato al latte,62,Sì,354
2.5,Cioccolato al latte,145,Sì,221
2.8,Cioccolato al latte,85,Sì,130
3.0,Cioccolato bianco,75,Sì,384
2.8,Cioccolato al latte,135,Sì,205
3.0,Cioccolato al latte,53,Sì,323
2.8,Cioccolato al latte,144,Sì,372
2.8,Cioccolato al latte,131,No,331
2.8,Cioccolato al latte,113,No,355
2.5,Cioccolato al latte,87,No,123
2.5,Cioccolato bianco,137,No,208
3.0,Cioccolato al latte,136,Sì,290
3.0,Cioccolato fondente,71,Sì,124
2.5,Cioccolato al latte,51,Sì,286
3.0,Cioccolato al latte,80,No,387
2.5,Cioccolato bianco,60,Sì,215
2.8,Cioccolato bianco,141,No,136
3.0,Cioccolato fondente,95,Sì,381
3.0,Cioccolato fondente,145,Sì,236
2.5,Cioccolato bianco,111,Sì,326
3.0,Cioccolato bianco,118,Sì,281
3.0,Cioccolato al latte,113,No,185
2.8,Cioccolato bianco,59,No,152
3.0,Cioccolato fondente,89,Sì,334
2.8,Cioccolato al latte,73,No,366
2.5,Cioccolato fondente,148,Sì,386
3.0,Cioccolato al latte,93,Sì,199
2.8,Cioccolato bianco,109,Sì,186
2.5,Cioccolato fondente,111,Sì,114
3.0,Cioccolato al latte,136,No,200
2.5,Cioccolato al latte,66,Sì,264
3.0,Cioccolato bianco,114,Sì,128
2.5,Cioccolato bianco,144,No,213
2.5,Cioccolato bianco,144,Sì,206
2.8,Cioccolato fondente,106,No,229
2.5,Cioccolato al latte,104,Sì,183
3.0,Cioccolato bianco,102,Sì,370
3.0,Cioccolato fondente,105,Sì,343
2.8,Cioccolato fondente,147,Sì,313
3.0,Cioccolato fondente,58,Sì,265
3.0,Cioccolato bianco,71,Sì,378
3.0,Cioccolato bianco,62,No,158
2.5,Cioccolato al latte,138,Sì,189
2.5,Cioccolato al latte,97,No,293
3.0,Cioccolato bianco,67,No,222
2.8,Cioccolato fondente,125,Sì,235
2.5,Cioccolato fondente,89,No,238
2.8,Cioccolato fondente,66,Sì,328
3.0,Cioccolato al latte,64,No,373
3.0,Cioccolato fondente,64,Sì,149
2.5,Cioccolato al latte,128,No,217
3.0,Cioccolato al latte,112,No,301
2.5,Cioccolato fondente,88,Sì,290
3.0,Cioccolato fondente,62,No,280
3.0,Cioccolato bianco,130,Sì,177
2.5,Cioccolato bianco,81,Sì,174
2.5,Cioccolato fondente,58,Sì,394
2.5,Cioccolato al latte,89,Sì,380
3.0,Cioccolato al latte,69,Sì,120
3.0,Cioccolato al latte,139,No,270
2.8,Cioccolato al latte,140,No,114
2.5,Cioccolato al latte,134,No,310
3.0,Cioccolato bianco,131,Sì,147
3.0,Cioccolato fondente,126,No,185
2.5,Cioccolato bianco,129,No,248
2.8,Cioccolato al latte,122,No,287
2.5,Cioccolato al latte,112,No,250
2.8,Cioccolato al latte,125,No,240
3.0,Cioccolato al latte,93,Sì,168
2.8,Cioccolato fondente,87,Sì,359
3.0,Cioccolato al latte,132,No,108
2.5,Cioccolato fondente,109,Sì,220
2.5,Cioccolato al latte,120,Sì,200
2.5,Cioccolato fondente,148,No,248
2.8,Cioccolato bianco,97,No,245
3.0,Cioccolato al latte,67,Sì,342
2.5,Cioccolato fondente,65,No,340
2.5,Cioccolato bianco,104,Sì,142
3.0,Cioccolato al latte,88,Sì,194
2.5,Cioccolato al latte,117,No,325
3.0,Cioccolato al latte,108,Sì,105
3.0,Cioccolato fondente,138,Sì,313
3.0,Cioccolato fondente,145,Sì,305
3.0,Cioccolato bianco,111,No,166
3.0,Cioccolato fondente,62,No,199
2.8,Cioccolato fondente,130,No,111
2.5,Cioccolato al latte,55,No,336
2.8,Cioccolato al latte,132,Sì,357
2.5,Cioccolato al latte,126,No,234
2.8,Cioccolato al latte,109,No,321
3.0,Cioccolato al latte,139,No,255
2.5,Cioccolato al latte,63,No,241
2.5,Cioccolato al latte,144,Sì,257
2.8,Cioccolato bianco,103,Sì,361
2.8,Cioccolato bianco,53,Sì,382
2.5,Cioccolato bianco,88,No,328
2.8,Cioccolato bianco,121,No,379
2.8,Cioccolato al latte,74,Sì,389
2.8,Cioccolato bianco,126,No,267
3.0,Cioccolato al latte,81,No,146
3.0,Cioccolato bianco,108,Sì,302
2.8,Cioccolato fondente,112,Sì,313
2.8,Cioccolato bianco,87,No,345
3.0,Cioccolato bianco,141,No,123
3.0,Cioccolato al latte,102,No,373
2.5,Cioccolato bianco,143,Sì,143
2.5,Cioccolato fondente,116,Sì,255
3.0,Cioccolato al latte,77,Sì,298
2.8,Cioccolato al latte,52,Sì,261
2.8,Cioccolato bianco,147,No,333
2.8,Cioccolato al latte,129,Sì,262
2.8,Cioccolato al latte,71,Sì,215
2.5,Cioccolato al latte,145,No,192
3.0,Cioccolato al latte,87,No,141
2.8,Cioccolato al latte,121,No,383
2.5,Cioccolato al latte,121,Sì,309
2.8,Cioccolato fondente,111,No,305
3.0,Cioccolato bianco,106,No,319
2.5,Cioccolato fondente,55,Sì,379
3.0,Cioccolato al latte,127,Sì,235
3.0,Cioccolato al latte,81,No,205
2.5,Cioccolato bianco,148,Sì,217
2.5,Cioccolato fondente,59,No,336
2.5,Cioccolato bianco,52,No,199
2.5,Cioccolato fondente,108,Sì,360
2.5,Cioccolato al latte,125,No,385
2.5,Cioccolato bianco,98,Sì,202
2.5,Cioccolato bianco,108,Sì,162
2.8,Cioccolato al latte,80,Sì,274
3.0,Cioccolato bianco,142,No,381
2.5,Cioccolato fondente,118,Sì,392
2.8,Cioccolato fondente,111,Sì,325
2.8,Cioccolato fondente,101,No,106
2.8,Cioccolato fondente,138,No,226
3.0,Cioccolato al latte,90,No,191
2.5,Cioccolato bianco,80,No,289
2.8,Cioccolato fondente,134,Sì,152
3.0,Cioccolato al latte,133,Sì,341
3.0,Cioccolato bianco,71,Sì,231
3.0,Cioccolato bianco,53,No,211
2.8,Cioccolato al latte,62,No,106
2.5,Cioccolato al latte,94,Sì,329
2.8,Cioccolato fondente,91,No,255
2.8,Cioccolato bianco,98,No,296
2.5,Cioccolato bianco,69,Sì,322
2.5,Cioccolato al latte,126,Sì,349
2.5,Cioccolato bianco,130,No,182
3.0,Cioccolato fondente,103,No,339
2.5,Cioccolato bianco,85,No,362
2.8,Cioccolato al latte,146,Sì,288
2.5,Cioccolato al latte,50,Sì,389
2.8,Cioccolato fondente,64,Sì,157
3.0,Cioccolato fondente,126,Sì,108
2.8,Cioccolato bianco,66,Sì,214
2.8,Cioccolato bianco,73,No,309
2.5,Cioccolato al latte,107,No,140
2.5,Cioccolato fondente,121,No,272
2.8,Cioccolato fondente,140,Sì,333
2.5,Cioccolato fondente,72,Sì,380
3.0,Cioccolato bianco,95,Sì,177
3.0,Cioccolato fondente,121,No,207
2.5,Cioccolato al latte,57,Sì,380
3.0,Cioccolato al latte,108,Sì,138
2.5,Cioccolato bianco,139,No,218
2.8,Cioccolato bianco,108,Sì,126
2.8,Cioccolato fondente,62,No,203
3.0,Cioccolato bianco,88,Sì,173
2.5,Cioccolato al latte,77,Sì,290
2.5,Cioccolato fondente,138,No,246
3.0,Cioccolato al latte,110,No,354
2.8,Cioccolato fondente,65,No,383
3.0,Cioccolato bianco,51,No,312
2.8,Cioccolato fondente,131,No,222
2.5,Cioccolato fondente,66,No,305
2.8,Cioccolato al latte,79,Sì,339
3.0,Cioccolato al latte,62,Sì,385
2.5,Cioccolato fondente,145,No,121
3.0,Cioccolato bianco,142,Sì,358
3.0,Cioccolato bianco,143,No,204
2.8,Cioccolato al latte,131,Sì,357
3.0,Cioccolato bianco,62,No,303
2.8,Cioccolato al latte,92,Sì,361
2.5,Cioccolato bianco,134,Sì,206
2.8,Cioccolato fondente,143,Sì,350
2.5,Cioccolato al latte,70,Sì,320
2.8,Cioccolato al latte,104,Sì,321
3.0,Cioccolato fondente,130,No,357
2.8,Cioccolato al latte,89,No,300
2.8,Cioccolato bianco,132,No,357
2.5,Cioccolato bianco,64,Sì,324
3.0,Cioccolato al latte,122,No,301
2.8,Cioccolato bianco,101,Sì,325
3.0,Cioccolato al latte,123,Sì,335
2.8,Cioccolato fondente,144,Sì,282
2.8,Cioccolato al latte,102,No,299
3.0,Cioccolato fondente,136,Sì,345
2.8,Cioccolato bianco,101,No,210
3.0,Cioccolato fondente,79,No,105
2.8,Cioccolato bianco,82,Sì,335
2.5,Cioccolato al latte,106,Sì,226
3.0,Cioccolato bianco,101,No,203
2.8,Cioccolato al latte,58,No,336
2.8,Cioccolato al latte,103,No,254
2.5,Cioccolato fondente,50,No,356
3.0,Cioccolato fondente,93,No,334
2.8,Cioccolato fondente,148,No,388
2.5,Cioccolato fondente,124,Sì,139
2.8,Cioccolato bianco,147,No,387
3.0,Cioccolato bianco,129,No,296
2.8,Cioccolato bianco,58,No,372
2.8,Cioccolato al latte,81,No,363
2.8,Cioccolato bianco,64,Sì,156
2.8,Cioccolato bianco,61,Sì,397
2.5,Cioccolato bianco,146,No,197
2.5,Cioccolato fondente,127,No,236
3.0,Cioccolato bianco,106,No,186
2.5,Cioccolato al latte,57,Sì,341
2.5,Cioccolato fondente,121,Sì,298
3.0,Cioccolato al latte,76,Sì,183
2.5,Cioccolato bianco,111,Sì,341
2.5,Cioccolato fondente,61,Sì,380
3.0,Cioccolato al latte,114,Sì,351
3.0,Cioccolato bianco,91,No,289
3.0,Cioccolato al latte,111,Sì,251
2.8,Cioccolato al latte,60,Sì,377
2.8,Cioccolato al latte,92,No,238
3.0,Cioccolato bianco,144,Sì,275
3.0,Cioccolato bianco,66,No,107
3.0,Cioccolato al latte,146,Sì,394
2.8,Cioccolato fondente,81,No,334
2.8,Cioccolato fondente,142,No,262
2.5,Cioccolato bianco,134,No,148
2.5,Cioccolato bianco,134,No,137
3.0,Cioccolato bianco,89,No,235
2.8,Cioccolato bianco,72,Sì,318
2.8,Cioccolato bianco,105,Sì,395
2.8,Cioccolato fondente,55,No,133
3.0,Cioccolato bianco,135,No,178
2.5,Cioccolato al latte,99,No,335
3.0,Cioccolato al latte,86,Sì,372
2.5,Cioccolato fondente,113,No,260
2.5,Cioccolato al latte,103,No,274
3.0,Cioccolato fondente,121,No,320
2.5,Cioccolato fondente,98,No,108
2.5,Cioccolato al latte,148,Sì,388
2.8,Cioccolato bianco,60,No,212
2.5,Cioccolato al latte,137,No,304
3.0,Cioccolato al latte,98,Sì,285
3.0,Cioccolato fondente,70,No,296
2.5,Cioccolato al latte,115,No,365
2.8,Cioccolato fondente,112,Sì,361
2.8,Cioccolato bianco,132,Sì,347
2.5,Cioccolato bianco,77,Sì,214
2.5,Cioccolato bianco,66,No,220
3.0,Cioccolato al latte,55,No,240
2.5,Cioccolato fondente,68,Sì,164
2.8,Cioccolato bianco,105,Sì,375
2.5,Cioccolato fondente,77,Sì,338
3.0,Cioccolato fondente,115,No,109
3.0,Cioccolato bianco,87,No,332
3.0,Cioccolato bianco,86,Sì,294
3.0,Cioccolato fondente,117,No,111
3.0,Cioccolato bianco,135,Sì,276
2.5,Cioccolato fondente,139,No,276
2.5,Cioccolato fondente,98,No,316
2.5,Cioccolato bianco,92,No,110
2.5,Cioccolato al latte,85,No,217
3.0,Cioccolato bianco,107,Sì,263
2.8,Cioccolato al latte,62,No,138
2.5,Cioccolato fondente,101,No,152
2.8,Cioccolato fondente,107,Sì,317
2.5,Cioccolato al latte,81,No,305
2.5,Cioccolato fondente,130,Sì,155
2.8,Cioccolato al latte,149,Sì,217
3.0,Cioccolato al latte,109,No,352
2.5,Cioccolato fondente,132,No,385
2.5,Cioccolato al latte,107,Sì,367
2.5,Cioccolato bianco,148,Sì,390
2.8,Cioccolato bianco,105,Sì,279
3.0,Cioccolato fondente,77,No,334
2.8,Cioccolato fondente,50,Sì,295
2.8,Cioccolato al latte,91,Sì,179
3.0,Cioccolato al latte,131,Sì,234
2.8,Cioccolato al latte,97,No,121
3.0,Cioccolato al latte,89,Sì,324
2.5,Cioccolato bianco,146,No,157
3.0,Cioccolato bianco,112,No,192
2.5,Cioccolato fondente,125,Sì,291
2.8,Cioccolato al latte,121,No,202
2.8,Cioccolato al latte,137,Sì,106
2.5,Cioccolato fondente,129,No,227
2.8,Cioccolato al latte,53,No,154
3.0,Cioccolato al latte,87,Sì,330
2.5,Cioccolato al latte,76,Sì,161
2.8,Cioccolato al latte,58,Sì,339
2.5,Cioccolato al latte,65,No,189
3.0,Cioccolato fondente,105,No,331
3.0,Cioccolato al latte,125,Sì,332
2.8,Cioccolato fondente,80,Sì,391
3.0,Cioccolato al latte,137,No,251
2.5,Cioccolato bianco,63,No,244
3.0,Cioccolato bianco,74,No,229
2.5,Cioccolato bianco,83,Sì,240
2.5,Cioccolato bianco,116,No,192
3.0,Cioccolato fondente,73,Sì,213
2.8,Cioccolato fondente,122,No,383
3.0,Cioccolato al latte,75,No,242
2.5,Cioccolato bianco,69,Sì,322
2.5,Cioccolato fondente,113,Sì,331
3.0,Cioccolato al latte,59,Sì,132
2.8,Cioccolato al latte,132,No,375
2.8,Cioccolato fondente,116,No,269
2.5,Cioccolato bianco,73,No,239
2.5,Cioccolato al latte,54,Sì,300
2.8,Cioccolato bianco,116,No,122
3.0,Cioccolato bianco,107,Sì,323
2.5,Cioccolato bianco,76,Sì,369
2.5,Cioccolato al latte,129,Sì,252
2.8,Cioccolato bianco,64,No,184
3.0,Cioccolato al latte,84,No,208
2.8,Cioccolato bianco,125,Sì,130
3.0,Cioccolato al latte,102,No,328
3.0,Cioccolato bianco,93,Sì,339
3.0,Cioccolato fondente,75,Sì,240
2.5,Cioccolato bianco,96,No,255
2.8,Cioccolato bianco,83,Sì,398
2.8,Cioccolato al latte,136,Sì,198
3.0,Cioccolato al latte,144,No,146
2.5,Cioccolato bianco,99,Sì,166
2.5,Cioccolato fondente,133,Sì,161
2.8,Cioccolato fondente,61,Sì,208
2.5,Cioccolato al latte,136,Sì,266
2.5,Cioccolato fondente,53,Sì,136
3.0,Cioccolato bianco,136,Sì,218
2.5,Cioccolato al latte,97,Sì,185
3.0,Cioccolato bianco,104,No,151
2.8,Cioccolato al latte,50,No,190
2.5,Cioccolato al latte,138,Sì,388
2.8,Cioccolato al latte,115,Sì,397
2.8,Cioccolato al latte,79,No,303
2.5,Cioccolato fondente,52,No,337
2.5,Cioccolato bianco,70,No,254
2.8,Cioccolato bianco,138,No,339
2.5,Cioccolato bianco,133,No,235
3.0,Cioccolato al latte,98,Sì,163
3.0,Cioccolato fondente,135,No,222
2.5,Cioccolato bianco,134,No,353
2.8,Cioccolato fondente,111,No,213
2.5,Cioccolato al latte,146,Sì,119
2.5,Cioccolato bianco,87,Sì,115
2.8,Cioccolato fondente,64,Sì,244
2.8,Cioccolato al latte,101,Sì,307
3.0,Cioccolato fondente,128,Sì,118
2.8,Cioccolato bianco,95,Sì,265
3.0,Cioccolato bianco,74,No,137
2.8,Cioccolato al latte,70,Sì,280
2.5,Cioccolato al latte,137,Sì,204
3.0,Cioccolato al latte,54,No,199
3.0,Cioccolato fondente,119,Sì,189
3.0,Cioccolato fondente,96,No,399
2.5,Cioccolato fondente,136,No,178
2.5,Cioccolato al latte,117,Sì,172
2.5,Cioccolato bianco,140,No,275
2.5,Cioccolato bianco,67,No,195
2.5,Cioccolato fondente,70,No,202
3.0,Cioccolato fondente,141,No,323
2.5,Cioccolato bianco,148,Sì,105
3.0,Cioccolato bianco,135,No,221
2.5,Cioccolato fondente,72,Sì,335
2.8,Cioccolato fondente,113,No,215
3.0,Cioccolato bianco,116,No,262
2.8,Cioccolato al latte,89,No,325
3.0,Cioccolato fondente,59,Sì,329
2.8,Cioccolato bianco,138,Sì,281
2.5,Cioccolato bianco,101,Sì,348
2.5,Cioccolato bianco,121,No,309
2.5,Cioccolato bianco,124,No,243
3.0,Cioccolato al latte,110,No,195
2.8,Cioccolato bianco,113,No,343
2.5,Cioccolato fondente,54,Sì,185
2.8,Cioccolato al latte,102,No,283
2.8,Cioccolato bianco,104,Sì,220
2.5,Cioccolato al latte,86,No,191
2.5,Cioccolato fondente,105,Sì,169
2.8,Cioccolato bianco,108,Sì,232
2.5,Cioccolato fondente,142,No,378
2.5,Cioccolato bianco,118,No,236
2.5,Cioccolato bianco,122,Sì,286
3.0,Cioccolato bianco,108,No,320
2.8,Cioccolato bianco,51,No,145
2.8,Cioccolato bianco,114,Sì,377
3.0,Cioccolato al latte,109,Sì,291
2.8,Cioccolato bianco,100,Sì,107
2.5,Cioccolato bianco,79,Sì,375
2.8,Cioccolato al latte,60,No,278
2.5,Cioccolato al latte,141,Sì,138
3.0,Cioccolato al latte,125,Sì,392
2.5,Cioccolato al latte,88,Sì,277
2.8,Cioccolato al latte,139,No,261
2.8,Cioccolato al latte,126,Sì,203
2.8,Cioccolato bianco,121,No,260
3.0,Cioccolato bianco,112,Sì,386
3.0,Cioccolato fondente,113,Sì,222
2.8,Cioccolato bianco,110,No,153
2.5,Cioccolato bianco,103,Sì,133
3.0,Cioccolato al latte,141,Sì,341
2.8,Cioccolato al latte,143,No,212
2.8,Cioccolato bianco,122,Sì,122
3.0,Cioccolato fondente,144,Sì,145
3.0,Cioccolato al latte,107,Sì,234
3.0,Cioccolato bianco,134,Sì,217
2.5,Cioccolato bianco,105,No,288
2.5,Cioccolato fondente,83,Sì,230
2.8,Cioccolato fondente,80,No,311
3.0,Cioccolato al latte,101,Sì,212
2.5,Cioccolato fondente,138,No,143
3.0,Cioccolato bianco,125,Sì,227
2.8,Cioccolato bianco,50,No,257
2.5,Cioccolato fondente,104,Sì,372
2.5,Cioccolato fondente,71,No,144
2.5,Cioccolato fondente,89,No,207
2.8,Cioccolato fondente,50,Sì,318
3.0,Cioccolato al latte,114,No,276
2.5,Cioccolato fondente,112,Sì,327
2.8,Cioccolato al latte,103,Sì,290
3.0,Cioccolato bianco,91,Sì,259
2.8,Cioccolato fondente,70,Sì,366
3.0,Cioccolato al latte,128,Sì,289
2.8,Cioccolato fondente,130,No,274
3.0,Cioccolato bianco,71,Sì,389
2.5,Cioccolato bianco,87,Sì,244
3.0,Cioccolato bianco,148,Sì,331
2.8,Cioccolato fondente,129,Sì,303
2.8,Cioccolato fondente,57,Sì,312
3.0,Cioccolato al latte,111,Sì,139
2.5,Cioccolato bianco,96,No,374
2.5,Cioccolato fondente,66,No,181
3.0,Cioccolato bianco,66,Sì,280
3.0,Cioccolato bianco,139,No,182
2.8,Cioccolato al latte,62,Sì,361
2.5,Cioccolato al latte,66,Sì,371
3.0,Cioccolato al latte,87,Sì,299
2.5,Cioccolato al latte,130,Sì,339
3.0,Cioccolato bianco,127,Sì,279
3.0,Cioccolato al latte,94,No,270
2.5,Cioccolato al latte,55,No,394
3.0,Cioccolato al latte,84,No,276
3.0,Cioccolato al latte,63,No,336
2.8,Cioccolato bianco,121,Sì,237
3.0,Cioccolato al latte,110,No,228
3.0,Cioccolato bianco,64,Sì,148
3.0,Cioccolato fondente,103,No,263
2.8,Cioccolato bianco,76,No,376
2.5,Cioccolato bianco,62,No,392
2.8,Cioccolato al latte,80,No,215
2.8,Cioccolato fondente,84,Sì,123
2.5,Cioccolato fondente,109,No,124
2.8,Cioccolato fondente,55,No,226
2.5,Cioccolato fondente,118,Sì,333
2.8,Cioccolato bianco,135,Sì,308
2.5,Cioccolato fondente,107,No,192
3.0,Cioccolato bianco,98,Sì,193
2.8,Cioccolato bianco,72,Sì,324
2.8,Cioccolato bianco,138,Sì,379
2.8,Cioccolato fondente,83,No,110
2.8,Cioccolato al latte,75,Sì,111
3.0,Cioccolato al latte,96,No,134
2.8,Cioccolato fondente,54,No,327
3.0,Cioccolato al latte,139,No,319
3.0,Cioccolato al latte,69,No,240
3.0,Cioccolato bianco,55,Sì,122
3.0,Cioccolato bianco,119,No,182
2.5,Cioccolato fondente,108,Sì,328
2.5,Cioccolato fondente,113,No,179
2.8,Cioccolato al latte,67,Sì,389
2.5,Cioccolato bianco,53,No,258
2.5,Cioccolato fondente,66,Sì,227
2.8,Cioccolato fondente,63,No,289
2.8,Cioccolato fondente,127,No,130
2.8,Cioccolato fondente,62,Sì,114
2.5,Cioccolato fondente,56,No,174
2.5,Cioccolato fondente,93,No,133
2.8,Cioccolato al latte,64,No,295
3.0,Cioccolato bianco,68,Sì,128
2.8,Cioccolato bianco,112,No,293
3.0,Cioccolato fondente,84,No,115
3.0,Cioccolato bianco,130,Sì,176
2.8,Cioccolato bianco,84,Sì,392
2.8,Cioccolato bianco,68,Sì,180
2.8,Cioccolato fondente,69,Sì,223
2.5,Cioccolato fondente,149,Sì,118
3.0,Cioccolato bianco,84,No,201
2.5,Cioccolato bianco,81,No,176
2.5,Cioccolato fondente,97,No,328
2.8,Cioccolato al latte,93,Sì,396
2.5,Cioccolato bianco,73,No,302
2.8,Cioccolato al latte,110,Sì,160
3.0,Cioccolato bianco,66,Sì,125
2.8,Cioccolato al latte,120,No,170
2.5,Cioccolato al latte,99,Sì,202
2.5,Cioccolato al latte,114,Sì,256
2.8,Cioccolato fondente,148,No,293
2.8,Cioccolato al latte,81,Sì,374
2.5,Cioccolato al latte,85,Sì,285
3.0,Cioccolato al latte,62,No,212
3.0,Cioccolato bianco,119,Sì,264
2.8,Cioccolato al latte,107,Sì,160
3.0,Cioccolato bianco,63,No,191
2.5,Cioccolato al latte,86,No,385
2.8,Cioccolato al latte,128,No,252
2.5,Cioccolato fondente,117,No,324
2.5,Cioccolato bianco,89,Sì,226
3.0,Cioccolato al latte,108,Sì,292
2.8,Cioccolato bianco,129,No,214
2.8,Cioccolato bianco,141,Sì,361
3.0,Cioccolato fondente,65,Sì,117
2.5,Cioccolato fondente,111,No,109
2.5,Cioccolato fondente,53,No,191
2.5,Cioccolato fondente,94,Sì,238
2.5,Cioccolato fondente,139,No,151
2.8,Cioccolato fondente,77,No,294
2.8,Cioccolato fondente,145,No,305
3.0,Cioccolato fondente,115,Sì,386
3.0,Cioccolato al latte,80,No,192
2.8,Cioccolato bianco,52,Sì,244
2.8,Cioccolato fondente,57,Sì,185
2.5,Cioccolato fondente,73,Sì,252
2.5,Cioccolato bianco,64,No,101
3.0,Cioccolato al latte,92,No,359
2.8,Cioccolato bianco,80,No,263
3.0,Cioccolato bianco,122,No,105
2.8,Cioccolato fondente,94,No,248
2.5,Cioccolato bianco,115,Sì,304
3.0,Cioccolato bianco,57,Sì,217
3.0,Cioccolato fondente,120,Sì,188
2.8,Cioccolato fondente,106,No,253
2.5,Cioccolato fondente,129,Sì,266
3.0,Cioccolato fondente,148,Sì,260
2.5,Cioccolato bianco,79,No,369
3.0,Cioccolato bianco,123,No,155
2.5,Cioccolato al latte,67,Sì,327
2.8,Cioccolato al latte,118,Sì,248
3.0,Cioccolato bianco,142,No,145
3.0,Cioccolato al latte,88,No,243
2.5,Cioccolato bianco,109,No,337
2.5,Cioccolato al latte,147,No,371
3.0,Cioccolato fondente,92,Sì,219
2.8,Cioccolato al latte,94,Sì,319
2.5,Cioccolato fondente,72,No,107
2.5,Cioccolato fondente,118,Sì,374
2.5,Cioccolato fondente,143,Sì,165
3.0,Cioccolato fondente,55,No,178
3.0,Cioccolato al latte,105,Sì,185
3.0,Cioccolato bianco,53,Sì,223
3.0,Cioccolato fondente,142,Sì,301
2.8,Cioccolato al latte,72,No,249
2.8,Cioccolato fondente,55,No,145
3.0,Cioccolato al latte,81,Sì,212
2.8,Cioccolato al latte,67,No,190
2.5,Cioccolato al latte,64,No,240
2.5,Cioccolato bianco,89,No,388
2.5,Cioccolato al latte,145,Sì,317
3.0,Cioccolato al latte,122,Sì,176
2.5,Cioccolato bianco,123,No,251
2.8,Cioccolato bianco,133,Sì,338
3.0,Cioccolato al latte,55,Sì,214
2.8,Cioccolato bianco,112,Sì,193
2.5,Cioccolato fondente,116,Sì,147
2.5,Cioccolato fondente,60,Sì,290
2.5,Cioccolato bianco,92,No,111
3.0,Cioccolato bianco,66,Sì,255
2.8,Cioccolato al latte,145,Sì,271
3.0,Cioccolato bianco,53,Sì,395
3.0,Cioccolato al latte,112,No,276
2.5,Cioccolato fondente,117,No,156
3.0,Cioccolato bianco,130,No,302
3.0,Cioccolato al latte,90,Sì,284
2.5,Cioccolato al latte,132,No,220
3.0,Cioccolato fondente,54,No,325
2.5,Cioccolato bianco,81,No,301
2.5,Cioccolato fondente,135,No,315
2.5,Cioccolato al latte,119,Sì,142
2.5,Cioccolato al latte,84,No,122
3.0,Cioccolato bianco,71,No,254
2.5,Cioccolato al latte,114,Sì,285
2.5,Cioccolato bianco,133,Sì,348
3.0,Cioccolato fondente,71,No,336
3.0,Cioccolato bianco,60,Sì,392
2.8,Cioccolato bianco,126,No,233
3.0,Cioccolato al latte,52,Sì,121
3.0,Cioccolato al latte,58,Sì,187
2.8,Cioccolato bianco,109,No,252
3.0,Cioccolato al latte,125,Sì,224
3.0,Cioccolato al latte,136,No,178
3.0,Cioccolato al latte,63,Sì,150
3.0,Cioccolato bianco,146,No,315
2.8,Cioccolato al latte,67,Sì,275
3.0,Cioccolato bianco,122,Sì,352
3.0,Cioccolato al latte,72,Sì,345
2.8,Cioccolato fondente,123,Sì,326
2.5,Cioccolato al latte,132,Sì,205
2.8,Cioccolato al latte,96,No,292
2.5,Cioccolato bianco,118,Sì,135
2.8,Cioccolato bianco,96,No,303
2.8,Cioccolato al latte,136,No,366
3.0,Cioccolato fondente,79,No,367
2.5,Cioccolato al latte,74,Sì,269
3.0,Cioccolato al latte,77,No,138
2.5,Cioccolato fondente,147,Sì,238
2.8,Cioccolato bianco,74,No,391
2.8,Cioccolato al latte,123,No,151
2.5,Cioccolato bianco,127,No,386
3.0,Cioccolato bianco,107,No,388
3.0,Cioccolato fondente,143,No,240
3.0,Cioccolato fondente,90,Sì,245
3.0,Cioccolato bianco,74,No,283
2.8,Cioccolato al latte,127,No,251
2.8,Cioccolato bianco,148,Sì,300
2.8,Cioccolato al latte,97,Sì,227
2.8,Cioccolato al latte,147,Sì,386
2.8,Cioccolato fondente,59,No,352
3.0,Cioccolato al latte,148,No,365
3.0,Cioccolato al latte,124,No,287
3.0,Cioccolato bianco,60,No,329
3.0,Cioccolato fondente,134,No,370
2.8,Cioccolato al latte,70,No,358
2.8,Cioccolato al latte,135,Sì,398
2.8,Cioccolato fondente,94,Sì,297
2.5,Cioccolato bianco,56,No,155
3.0,Cioccolato fondente,130,No,302
3.0,Cioccolato fondente,113,No,370
2.8,Cioccolato al latte,113,No,208
3.0,Cioccolato al latte,51,No,215
3.0,Cioccolato bianco,125,Sì,191
2.8,Cioccolato al latte,91,Sì,237
2.5,Cioccolato al latte,131,No,156
2.5,Cioccolato fondente,103,Sì,149
2.5,Cioccolato al latte,124,No,170
2.8,Cioccolato bianco,65,No,181
3.0,Cioccolato fondente,67,No,204
2.8,Cioccolato bianco,148,Sì,187
2.8,Cioccolato fondente,108,Sì,101
